{"cameraMode":{"drawMode":0,"name":"Shaded","section":"Shading Mode"},"sceneLighting":true,"audioPlay":false,"sceneViewState":{"showFog":true,"showMaterialUpdate":false,"showSkybox":true,"showFlares":true,"showImageEffects":true,"showParticleSystems":true},"in2DMode":false,"pivot":{"x":-0.18318788707256318,"y":-0.518305778503418,"z":-0.923121988773346},"rotation":{"x":0.0017461981624364853,"y":0.9608123302459717,"z":-0.2771282494068146,"w":0.006054010707885027},"size":0.8369287848472595,"orthographic":false}