{"cameraMode":{"drawMode":0,"name":"Shaded","section":"Shading Mode"},"sceneLighting":true,"audioPlay":false,"sceneViewState":{"showFog":true,"showMaterialUpdate":false,"showSkybox":true,"showFlares":true,"showImageEffects":true,"showParticleSystems":true},"in2DMode":false,"pivot":{"x":-0.07561004161834717,"y":-0.23231607675552369,"z":-0.6489361524581909},"rotation":{"x":-0.004634074401110411,"y":0.9777258038520813,"z":-0.2087114453315735,"w":-0.02170790173113346},"size":0.6840726137161255,"orthographic":false}