{"cameraMode":{"drawMode":0,"name":"Shaded","section":"Shading Mode"},"sceneLighting":false,"audioPlay":false,"sceneViewState":{"showFog":true,"showMaterialUpdate":false,"showSkybox":false,"showFlares":true,"showImageEffects":true,"showParticleSystems":true},"in2DMode":false,"pivot":{"x":0.7076680064201355,"y":1.1479876041412354,"z":-0.011356396600604058},"rotation":{"x":0.46167877316474917,"y":0.5273171067237854,"z":-0.4249492883682251,"w":0.5728955864906311},"size":0.37679702043533327,"orthographic":false}