{"cameraMode":{"drawMode":0,"name":"Shaded","section":"Shading Mode"},"sceneLighting":true,"audioPlay":false,"sceneViewState":{"showFog":true,"showMaterialUpdate":false,"showSkybox":true,"showFlares":true,"showImageEffects":true,"showParticleSystems":true},"in2DMode":false,"pivot":{"x":0.1498013585805893,"y":-0.025585860013961793,"z":-0.09150734543800354},"rotation":{"x":-0.057425808161497119,"y":0.9423301219940186,"z":-0.24394124746322633,"w":-0.22183242440223695},"size":0.3073950409889221,"orthographic":false}