{"cameraMode":{"drawMode":0,"name":"Shaded","section":"Shading Mode"},"sceneLighting":true,"audioPlay":false,"sceneViewState":{"showFog":true,"showMaterialUpdate":false,"showSkybox":true,"showFlares":true,"showImageEffects":true,"showParticleSystems":true},"in2DMode":false,"pivot":{"x":-0.1022363156080246,"y":0.14895135164260865,"z":-0.22620145976543427},"rotation":{"x":0.09859637916088104,"y":0.8031517267227173,"z":-0.5709556937217712,"w":0.13869346678256989},"size":0.38259923458099368,"orthographic":true}